Filename,Label,x1,y1,x2,y2,Conf
cjpgtpstsq7fl0729p250j195.jpg,wheelchair,92.18678283691406,431.3346862792969,516.0115814208984,669.3646087646484,0.1044648140668869
