Filename,Label,x1,y1,x2,y2,Conf
cjp809r377z4008093lbjeupi.jpg,power assisted bicycle,654.8689575195312,273.0644226074219,729.1398468017578,295.51754570007324,0.6862744092941284
cjpe8nig1ha5d0785cjfw193y.jpg,unicycle,2151.48681640625,3175.161865234375,5887.44775390625,3234.1268310546875,0.9100948572158813
cjpfmmz5mko9d0729fm39pegw.jpg,segway,-5671.8271484375,-13121.2021484375,9717.2060546875,17572.6982421875,0.9439823031425476
