Filename,Label,x1,y1,x2,y2,Conf
cjpcnmj9cnfyx0729wgntwdye.jpg,power assisted bicycle,-23.572141647338867,2602.10302734375,2263.890504837036,2698.371757507324,0.006414181552827358
cjpgtpstsq7fl0729p250j195.jpg,power assisted bicycle,266.55303955078125,541.7604370117188,297.8470821380615,581.5561256408691,0.003521829843521118
