Filename,Label,x1,y1,x2,y2,Conf
cjpcl5y73mf990729t93yvyv0.jpg,hoverboard,-30.51262092590332,144.8336181640625,1232.9524669647217,853.310791015625,0.08439724892377853
cjpcnmj9cnfyx0729wgntwdye.jpg,wheelchair,378.6111755371094,994.9947509765625,6076.201019287109,4552.2132568359375,0.05263220891356468
cjpgtpstsq7fl0729p250j195.jpg,power assisted bicycle,110.6339340209961,252.31134033203125,501.6963119506836,868.7816772460938,0.03674711287021637
cjpnxkditm4gw07950qtv2ruv.jpg,wheelchair,1252.5577392578125,576.1945190429688,3127.0093994140625,2570.8152465820312,0.07328499853610992
